customer_id,name,phone,email,address
IH9FPX5VI75SS6ZJ6V,Zachary Ashley,7169930963,zachary@fernandez-schultz.com,"6881 Cassidy Street Suite 036, Larrytown, IA 80961"
MVLYDG3GVZDQX8LX1B,Kathy Willis,7456793241,kathy@yahoo.com,"6853 Walls Cape, West Courtney, NM 08797"
ESPN8HE0FAHETXEXWR,Carlos Miller MD,3779414414,carlos@gmail.com,"63044 Wilson Highway, Christinaborough, ND 71531"
D73N9S9R350YGMRIRG,Becky Howard,5467047111,becky@gmail.com,"861 Duncan Pike, Port Yolandaberg, AZ 68688"
DM3VEVUH5UDO4BO2WU,Andrew Jones,3440915698,andrew@harris-hale.info,"583 Steven Island Apt. 480, Lake Loriport, VT 42872"
5FUF61RKON3HI1PS3T,Joseph Krause,8061946462,joseph@spencer.net,"19752 Allen Mews Suite 000, Charlesmouth, OH 86155"
2R7Q8NIU6N0FY8CBMR,Joel Wheeler,5404823060,joel@aguilar-king.com,"PSC 8771, Box 6528, APO AE 30780"
7SQ9ZD1TEPJRPKNAFR,Christopher Johnson,9812176726,christopher@smith-molina.net,"4466 Terry Centers, Lake Olivia, MI 27038"
AMMQJ2I0WTM94Z3KYR,Kayla Hansen,9982332504,kayla@white.biz,"PSC 2382, Box 9238, APO AA 93417"
6BIJUK5OHNXL1HLBQ0,Maria Stark,5924402909,maria@lewis-ferguson.info,"010 Julie Mission, Tracistad, MO 34350"
YUTL633MK9F12TGC9E,Adam Rodriguez,1205884374,adam@dixon.info,"840 Michael Knolls, Mariaport, SD 90715"
CCTAN90TXULCA5TXPB,Dana Johnson,3141097378,dana@taylor-cardenas.com,"9684 Jacob Forge Suite 828, Port Carla, ND 66864"
1CDCG4I93305R47ZBF,Stephanie Moore,9626413873,moore@hotmail.com,"7103 Melissa Underpass, Port Morganburgh, HI 87177"
