KEYWORD_ID,KEYWORD
1,heavy items (190 lbs)
2,parking difficult.
3,lobby
4,blocked entrance
5,location issues expected
6,damaged building
7,door D1
8,First floor delivery
9,careful delivery
10,on-site help
11,red truck
12,deliver front
13,vehicle accessible.
14,Gate access needed
15,access required.
16,Back garage
17,Front property
18,6 AM-10 AM delivery
19,undamaged drywall
20,dumpster/garage
21,access
22,narrow street
23,Address verification needed
24,Driveway accessible.
25,drive on grass if needed.
26,leave packages.
27,Handle pickets carefully
28,careful placement
29,far garage; check road
30,front or back
31,secure banding.
32,pre-authorized waiver.
33,Driveway basketball hoop
34,note access details
35,Monday-Friday delivery
36,Garage front
37,clarify lower shop location
38,Garage access; 30-minute pre-delivery call.
39,alleyway access
40,Deliver barnshop building
41,Designated area
42,45 pieces max.
43,note parking/driveway.
44,heavy threshold.
45,313 Kathleen
46,Front driveway
47,Verify Moffett presence
48,rear access.
49,investigate drop waiver
50,Back driveway
51,Entrance
52,Service entry/shipping door
53,Garage delivery
54,alley access.
55,Deliver back property
56,North-side dock
57,note access issues.
58,Dock A
59,check conditions
60,verify address.
61,Commercial Corp Ct Joliet
62,Dock B
63,or dock; confirm delivery point; Maple and LaSalle.
64,access. Confirm order contents
65,Monday-Friday 7 AM-3 PM
66,alternative route.
67,exercise caution
68,confirm orange marker.
69,Onsite delivery
70,inspect decking
71,North gate
72,Building delivery
73,place product as specified.
74,"""Skender"
75,deliver 8 AM-4 PM
76,In-person delivery
77,alley
78,clarify drop-off location.
79,coordinate CSR
80,Patio
81,signature
82,Tony
83,Augusta Blvd
84,Alley
85,Commercial Corp Ct
86,Difficult access
87,Blue Island Auto Parts
88,Clarify porch/alley/garage delivery.
89,Back delivery
90,specified location
91,building
92,40-minute inside delivery
93,back gate
94,Deliver Suite H back
95,Garage delivery 7 AM-4 PM
96,Left porch
97,Garage
98,difficult access; confirm location with George.
99,Delivery location
100,pallet
101,8 AM-3 PM delivery
102,black pickup truck.
103,Curbside access
104,Deliver outside garage
105,missing drywall
106,inspect.
107,construction/commercial.
108,Deliver rear
109,Parking lot
110,House delivery
111,7:30 AM-3:30 PM
112,narrow road.
113,Overhead door/dock
114,Deliver back
115,avoid garage
116,Leave packages driveway
117,allow extra unloading time
118,garage available
119,Customer home
120,Deliver inside building
121,Belmont Ave access
122,product placement per customer instructions.
123,access.
124,Gate access
125,after 9:00 AM
126,manual unload
127,Unit
128,front delivery
129,hazardous materials
130,Flooring
131,sidewalk
132,large load extra space
133,customer placement
134,packages
135,Back
136,door Q
137,shop/yard
138,Van Buren access.
139,handle panels carefully
140,next to house
141,3500 lb load
142,Place product specified location
143,Place product
144,Back house
145,inside garage
146,Rear property
147,front door or 19th St alley.
148,before 11:30 AM
149,No information for delivery.
150,Ext 5
151,Uneven roads
152,careful handling.
153,Steep driveway
154,clear driveway
155,double palletize.
156,inside delivery
157,Forklift unloading
158,""" ""STORE READINESS"""
159,uncertain parking
160,Back entrance/receiving area
161,Side delivery
162,confirm location.
163,curbside okay
164,contact numbers
165,Vandustrial St exit
166,leave if unavailable.
167,handle packages carefully (tiles).
168,construction
169,address discrepancies
170,verify contents
171,avoid obstructions
172,construction site.
173,Backyard
174,verify road/parking.
175,Deliver 817 N Church Rd
176,doorstep
177,Deliver back Residency Spring Hill Suites Hotel.
178,avoid dumpster
179,inside warehouse
180,follow placement instructions
181,Large items
182,check driveway access/parking
183,BCI receiving dock (Dock 1
184,1325 N Old Rand Rd
185,Spring Hill Suites
186,apartment complex.
187,confirm driveway
188,Yard delivery
189,caution
190,Back door (north)
191,Handle plywood carefully
192,Leave package outside
193,Obstructed driveway
194,South driveway
195,Front lawn delivery
196,park
197,Deliver after 8:30 AM
198,Inspect goods
199,paperwork
200,verify parking
201,Superior Fence
202,get access details.
203,Rear driveway delivery
204,use customer lift truck
205,Large delivery (40 boxes
206,clear driveway access.
207,Barn
208,Limited space
209,Lake Geneva Youth Camp
210,obtain signature if Gavin unavailable
211,check access
212,Driveway access
213,picket damage
214,no signature.
215,large delivery
216,Correct trailer load
217,Ground-level garage
218,WILSCOTT variations
219,good driveway access
220,backyard.
221,Please provide the instructions you want me to condense.
222,Pallet
223,contact site manager
224,garage access.
225,6600 Industrial Loop
226,confirm placement.
227,secure load
228,Route 120
229,document damage
230,Dockside delivery
231,call 312-351-4525 before 7:30 AM
232,dock 6-3
233,Garage/driveway drop-off
234,Back lot
235,sufficient parking
236,extra time.
237,complete delivery
238,Warehouse delivery before 6 AM
239,Permit required
240,Back alley delivery
241,Tight access
242,large shop.
243,Driveway behind pallets
244,park inside
245,Wrap plywood/lumber
246,Back-of-building delivery
247,Driveway
248,before 2:30 PM
249,large items space
250,Front door/building side; Driveway access/limited parking.
251,deliver specified location.
252,Construction zone
253,careful handling; specify delivery location.
254,Warehouse delivery: confirm road
255,front/back
256,Alley access: check width
257,confirm access
258,Garbage cans
259,customer unloads
260,Woodfield Mall
261,Limited parking
262,Front porch delivery
263,multiple foam board packages
264,Warehouse delivery
265,Moffit lift
266,13th Street
267,space
268,4 PM-8 PM CST delivery
269,Confirm address
270,Confirm location before delivery.
271,east entrance
272,Deliver front site
273,soft terrain
274,Rear overhead doors
275,Hospital loading dock
276,Wheel pallet garage
277,assess access
278,Deliver before 12 PM
279,place as instructed.
280,"garage door ""Skender"""
281,customer location
282,clear driveway.
283,Unit I
284,forklift unload
285,further instructions inside.
286,delivery point.
287,prepare for delays
288,no driveway access
289,east side preferred.
290,Front door delivery
291,Monday/Tuesday
292,no unattended deliveries
293,parking/driveway access.
294,access needed.
295,leave driveway if unavailable.
296,front; 7 AM-4 PM; challenges
297,verify order.
298,side entrance
299,building.
300,south
301,inspect load.
302,photos
303,check cones.
304,8 pallets). Assess access (road
305,pre-delivery assessment required.
306,verify location
307,confirm parking
308,Montgomery
309,near garage. Confirm access.
310,8 AM-6 PM
311,Front/rear entrance
312,unattended delivery prohibited
313,Park outside
314,inside warehouse.
315,door #6
316,place products garage/parking lot
317,Dock/receiving
318,trailers
319,Joel
320,customer forklift unload
321,pre-8 AM; driveway access
322,unload North Street.
323,IN 46062: garage delivery
324,garage/parking lot
325,coordinate dock assignment
326,secure Romex pallets
327,East side
328,Rear driveway
329,Signature required
330,Hoppscotch
331,Monday-Friday 7 AM-2 PM
332,verify order accuracy
333,address ambiguous.
334,On-site acceptance
335,contact details
336,Delivery varies ABT Electronics;  missed windows refusal.
337,Monday-Friday before 3 PM. Signature required
338,Alley access required.
339,easy unload
340,Receiving room
341,confirm location access
342,inspect goods
343,North side loading dock
344,Monday-Friday before 2 PM delivery.
345,Back lot delivery
346,House number verification
347,access confirmed.
348,side dock/warehouse doors
349,or apartment unit; assess trailer feasibility.
350,plan accordingly; customer placement.
351,potential blockage/parking issues.
352,Rear access
353,8 AM-3:30 PM CST
354,side door; check access.
355,follow instructions.
356,Side dock
357,condition
358,Back house delivery
359,construction road
360,Monday-Friday 7 AM-3:30 PM
361,7:30 AM-3:00 PM delivery
362,protect products
363,Lumber (16ft & 20ft)
364,School zone
365,contact security
366,receiving dock
367,confirm recipient
368,Deliver outside
369,Confirm warehouse space
370,Spring Hill Suites; find service entrance/loading dock.
371,Dock/office/street
372,Right side
373,GPS: Commercial Corp Ct
374,gate closes 4 PM
375,35th Street
376,Contact Adan Segura
377,verify items against paperwork.
378,Front door/side gate
379,assemble one box
380,photo.
381,low wires
382,Verify street
383,Front sidewalk delivery
384,front yard; clear access.
385,access available
386,ensure clear access to placement area.
387,Garage preferred
388,Back dock or driveway
389,16567 RIVER RD
390,verify recipient.
391,gate code
392,dock #8
393,garage/inside delivery
394,Intercom Asian Cougar Unit 101
395,Deliver back Residency Spring Hill Suites
396,confirm receiving area.
397,before noon
398,left side
399,handle drywall carefully
400,Driveway assess
401,Side door delivery
402,deliver north parking lot (cones).
403,Dock/warehouse/garage/storage; contact Dennis/Eric; avoid Latrobe St.
404,confirm road access
405,8 AM-5 PM
406,Caution: cement
407,assess access.
408,avoid grass
409,Plastic cover
410,driveway accessible
411,North garage gate
412,Deliver 2 PM-6 PM
413,Dock D
414,access available.
415,ring doorbell
416,coin machine
417,Inspect fence panels for warping
418,back property
419,gate delivery
420,Garage delivery confirmed.
421,after 7 AM; confirm drop-off.
422,Wood
423,Wynwood Street
424,park North Street
425,accessible location
426,Back door/alley access confirmed.
427,Front
428,unloading assistance.
429,end building
430,Back entrance
431,Lumber alley
432,rain protection.
433,confirm route
434,corner Griggs Rd
435,complete paperwork
436,Large
437,Deliver specified floor
438,heavy order.  Specified location. Clear access.
439,(847) 362-9013
440,overhead door
441,Dock delivery 8 AM-1 PM
442,Back entrance/alley
443,confirm parking/access.
444,garage placement
445,Back property
446,Courtland Street alley entrance
447,Inside door/garage
448,garage accessible
449,Front garage
450,Fragile patio doors
451,check parking
452,9 AM-4 PM
453,Unit A or H
454,parking challenges
455,note address
456,house wall
457,limited space
458,Back dock/alley/side/receiving area; confirm parking.
459,protect drywall
460,forklift unloading.
461,Front door/entrance
462,mindful door damage
463,secure product
464,Unit D loading dock
465,Handle with care
466,back cemetery
467,careful maneuvering
468,"use ""St Johns Estates Delafield"" GPS"
469,40 boxes
470,GPS
471,check parking/driveway access
472,keep garage right clear
473,Driveway gate
474,Front address
475,Inspect pallets
476,Customer unloads
477,garage/storage
478,paperwork.
479,refuse damaged drywall
480,Please provide the instructions to the delivery driver. I need that text to condense it according to your specifications.
481,Back alley
482,Recipient present
483,Lot 15 Hunters Glenn
484,Inspect drywall
485,driveway access
486,Driveway near garage
487,call 7736561113
488,Verify access
489,Gravel driveway left side
490,verify order
491,verify address
492,Heavy skylights
493,clarify delivery point.
494,garage door.
495,Construction site
496,Backyard fire pit
497,narrow driveway
498,Forklift
499,guide placement.
500,Front door or garage.
501,East side shipping/receiving
502,Entrance 3
503,after 8:00 AM
504,Forklift available
505,1500 steel pieces
506,address; limited parking
507,Back building access needed
508,driveway.
509,garage access available
510,Outside drop-off preferred.
511,Side building delivery
512,variable accessibility.
513,Correct location
514,back of school
515,Address verification
516,Alleyway drop-off
517,Gated community
518,Alley access North Street
519,customer assistance needed.
520,garage.
521,120-minute delay
522,Verify drop-off
523,driveway
524,Left side house
525,Rear docks
526,Construction house
527,no driveway.
528,Private road
529,Wood storage impacts placement.
530,address confusion possible
531,Costco guard shack
532,foreman access.
533,uncertain access.
534,check access: road
535,extra straps needed
536,Side of house
537,access restrictions.
538,driveway delivery
539,limited parking
540,new construction site
541,door 5
542,Carmen Ave.
543,Pro Desk
544,narrow wooded driveway.
545,parking access.
546,car wash
547,Side house
548,Garage access available; 30-minute pre-delivery call.
549,confirm accessibility
550,Building 1070
551,Barrington Hills permit
552,East-side dock
553,Back building
554,signature required.
555,Construction area placement
556,Customer onsite
557,North Street parking
558,Overhead garage doors
559,porch
560,Gate code 2145
561,9 AM-3 PM
562,Deliver front garages
563,Driveway delivery
564,driveway accessible.
565,rekey locksets
566,Grass delivery
567,alleyway access uncertain.
568,Drop waiver
569,Driveway delivery.
570,avoid wet drywall
571,check parking/driveway.
572,unattended
573,leave packages left side
574,Front building
575,Verify address; differs from registered address.
576,verify order contents.
577,parking check.
578,or alley access; call 90 minutes prior.
579,specialized handling.
580,grass.  Potential access challenges.
581,signature required
582,dock delivery
583,Park behind garage
584,customer unload
585,inside house
586,West side
587,Walnut Street
588,no unattended package
589,Garage apron
590,avoid Gary's Mill Road
591,Delays expected
592,Fenced garden
593,Mailbox/driveway
594,self-unload.
595,nearby area
596,Driveway left
597,Building 3
598,check space
599,West-side door
600,Dead drop
601,duplicate order possible
602,back access
603,limited parking.  Handle pickets carefully
604,Back door delivery
605,yard delivery 8 AM-4 PM
606,front
607,Rear Residency/Spring Hill Suites
608,wrap
609,Protect concrete
610,building).
611,outside delivery if needed
612,Alleyway cement pad delivery
613,recipient present
614,garage access available.
615,forklift unload.
616,Back alley access
617,driveway access.
618,Naperville Roofing
619,behind gray truck
620,leave poles.
621,Parking lot delivery.
622,Back building preferred
623,parking; specified location
624,clear access.
625,Specified location
626,Lumber Street loading dock
627,caution.
628,House
629,check driveway
630,east side warehouse access
631,or Receiving Doors)
632,Caution: drywall
633,Alleyway access
634,Front sidewalk/grass/street
635,Confirm delivery location
636,Deliver 7 AM-1 PM
637,access needed
638,Side overhead door
639,leave outside gate
640,Place product specified location. Verify address
641,Building 6600
642,flexible delivery
643,long items fragile.
644,or dock; parking available.
645,access points
646,address 7500
647,6 AM-12 PM delivery
648,loading dock
649,Rear lot
650,Oberweis
651,Back garage delivery
652,new building right
653,allow extra time
654,Lehigh & Touhy directions
655,confirm access: road
656,product;  Garage or porch placement.
657,space constraints.
658,investigate rear access.
659,careful handling
660,Northeast side door
661,rear parking.
662,Driveway's right-east side
663,Pavilion
664,Confirm drop-off
665,ground-level door
666,House threshold
667,Deliver after 7 AM
668,tan building
669,call Waldron/Special Olympics
670,clarify location
671,place product specified location
672,schedule critical
673,confirm delivery access point.
674,Alleyway
675,Back access
676,driveway/garage if possible
677,Main Street parking
678,Address
679,Garage available
680,clear driveway access
681,left sidewalk
682,access code needed
683,8 AM-2 PM delivery
684,property road
685,8:00 AM delivery
686,Joliet
687,Back preferred
688,"marked ""Skender"""
689,heavy load (1200 lbs)
690,mindful space constraints
691,confirm order
692,park near alley
693,Deliver after 10:00 AM
694,Garage access
695,after 7 AM
696,Gate
697,Wrap drywall
698,driveway preferred
699,Deliver back Residency
700,rain-wrap drywall
701,handle wet lumber carefully
702,Honk horn
703,Box delivery
704,before 5 PM
705,use after-hours parking
706,customer unloads.
707,Grass
708,Curbside drop-off
709,large items accessible
710,accessible.
711,Driveway left side
712,recipient home.
713,Clarify delivery location
714,Garage behind 247 N West St
715,Backyard porch delivery
716,Back-of-house access
717,side door; handle SKUs 649-576 & 694-576 carefully
718,Maintaining building
719,Dock
720,Parking pad delivery.
721,Tripp
722,Concrete driveway
723,pole barn
724,assess accessibility.
725,last unit east
726,Gate code needed
727,Back warehouse
728,Verify location
729,parking lot; signature
730,rear
731,parking.  Deliver to specified location.
732,receiving area
733,Hotel back
734,Backyard access
735,avoid end; garage delivery oversized items.
736,Porter Pipe Supply
737,contact ILA or HARIN.
738,back/dock
739,careful drywall handling
740,Shop yard/garage
741,near garage. Verify parts (post caps
742,Deliver inside building/warehouse
743,Long driveway
744,alternate parking
745,gate access needed
746,Park Ridge
747,sufficient access.
748,large items back-house
749,28th Street
750,inside yard
751,garage delivery
752,Aaron
753,overhang; assess access
754,West-side dock
755,Assess accessibility
756,recipient required.
757,Porch/living room delivery
758,reverse parking
759,challenging placement.
760,plywood; Verify order.
761,place product as instructed.
762,basketball hoop landmark
763,side blacktop lot
764,limited parking.
765,gas station
766,Building access
767,Front/back door
768,Packages: 5-6 feet gate
769,parking confirm.
770,plan parking.
771,verify items
772,gate access
773,Confirm location
774,units 101 & 302; careful drywall loading
775,no driveway
776,accessibility.
777,stones
778,placement instructions
779,verify access.
780,otherwise lobby/apartment. Clear access.
781,Gravel lot
782,verify trailer load
783,Side entrance
784,Driveway side
785,load materials
786,Illinois; driveway
787,Tennis building
788,Large building
789,clarify threshold placement.
790,surface
791,"street access alternative; confirm ""DPC"""
792,Warehouse
793,Business hours delivery
794,Driveway accessible
795,Unload both sides
796,deliver inside
797,garage placement.
798,Meske/Cold Spring intersection landmark
799,address hard to find
800,Curbside delivery
801,Side garage door
802,First St
803,Shop/yard
804,unattended.
805,avoid drywall damage
806,Door 1
807,Side driveway
808,Heavy equipment
809,prepare large delivery
810,south side preferred
811,Rear loading docks
812,35th St.
813,white container
814,deliver grill assembly
815,Alley delivery
816,Dock area delivery
817,Elizor
818,house right side
819,difficult parking
820,good access
821,Leave doorstep
822,verify order accuracy.
823,narrow access.
824,backyard
825,home; assess parking
826,verify quantity
827,Alley access clear
828,front/sidewalk okay
829,400 lbs
830,Unstable driveway
831,CHICAGO IL
832,side door
833,Front house delivery
834,Vandustrial exit
835,place specified location
836,product description
837,customer self-unloads
838,inside garage.
839,Dock 8 AM
840,confirm address
841,Back lot delivery.
842,Garage delivery accepted
843,many empty Quickrete pallets
844,special handling
845,Driveway drop-off
846,Street-side delivery
847,assess parking
848,back garden delivery
849,verify location access
850,clear placement instructions.
851,near garage
852,backup.
853,Rear building
854,hand off staff
855,rear access accessible
856,before 4 pm
857,Handle drywall carefully
858,7 AM-3:30 PM delivery
859,call 440-935-6860 for access.
860,Girls Inc of Chicago visitor door
861,8:30 AM-4:30 PM
862,inspect drywall
863,Right-side grass
864,secure trailer
865,Deliver packages
866,no damaged drywall
867,expect 1.5+ hour delay unloading.
868,four boxes
869,deliver back building
870,inside/outside warehouse
871,timely delivery
872,warehouse spot 26
873,West driveway
874,access 8 AM
875,Front property delivery
876,access details needed
877,parking issues
878,double gate
879,Edwaro
880,Early delivery
881,check driveway/parking.
882,potential refusal/reschedule
883,8-10 AM delivery
884,narrow road
885,Spaulding Avenue
886,confirm availability before delivery.
887,otherwise flexible location
888,BCI receiving dock
889,banded
890,Confirm drop-off point
891,basement
892,Ring doorbell
893,composite deck boards
894,pre-delivery assessment required
895,wrap.  Precise delivery instructions needed.
896,handle carefully
897,assess accessibility
898,building side; check parking/access.
899,avoid Latrobe St
900,access details.
901,Monday-Saturday 8 AM-5 PM
902,leave garage open.
903,Remington side
904,verify contents.
905,near Foxtrot/Ace Hardware) or receiving room; limited parking.
906,inspect lumber
907,Shingles
908,""" Unit I"
909,avoid front entrance
910,Apartment building front.
911,Front of site
912,back alley access
913,Alley access.
914,verify access
915,unattended delivery acceptable.
916,Street delivery
917,front house
918,Narrow access
919,7 AM - 3:30 PM weekdays
920,Clarify delivery point
921,outside
922,customer placement instructions.
923,unattended delivery
924,building access
925,check order damage
926,Deliver after 8:00 AM
927,assess alley width
928,Verify order
929,Rear dock
930,Delivery location access
931,Yard/dock/receiving
932,replace step stone
933,refusal
934,FDC.
935,Pallet lawn
936,or 3) detached garage; verify access; clarify location if uncertain
937,Right driveway side.
938,3 PM
939,packaging.
940,secondary location 4130
941,Loading dock #2
942,unit number
943,Back driveway delivery
944,check parking.
945,Use side alley.
946,check alley access.
947,place package specified location.
948,Back alley/garage drop-off
949,Monday 6-10 AM
950,avoid property
951,fence gate
952,grass.
953,Dock 14
954,exact drop-off
955,Left driveway
956,Garage/house access
957,Customer present
958,Deliver 12 Georgia Pacific sheets
959,check box damage
960,Mall 2nd floor
961,heavy load.
962,handle with care
963,Driveway right side
964,GPS.
965,verify order details
966,East-side access
967,two garages available.
968,confirm location and recipient.
969,avoid overweight trailers
970,Stairs
971,Alley access
972,7734188108
973,73rd St north side
974,warehouse dock
975,Wednesdays
976,7 AM-3 PM
977,25 boxes
978,rear property
979,place product as specified
980,building front
981,Deliver rear property
982,clarify access.
983,verify EXT 7 REC 8-5
984,access: road
985,uneven surface.  Timely delivery.
986,Front driveway delivery
987,Basement delivery
988,near garage.
989,or Bob Smith.
990,north Winnetka Ave.
991,careful navigation
992,Alley access. Clarify DPC.
993,parking.
994,dock after 8 AM
995,Army Trail Road (east Curling Pond Road)
996,verify pallet count
997,7 AM-2 PM dock delivery
998,inspect goods.
999,verify
1000,check car access.
1001,Check site access
1002,receiving department
1003,skyway bridge
1004,access challenges.
1005,difficult access
1006,access/parking restrictions.
1007,near work area
1008,Williams St entry
1009,Alley access after 10:00 AM
1010,parking difficult
1011,before 12PM
1012,verify location with customer.
1013,complex site
1014,pole barn landmark
1015,Hunters Glenn (Lot 1
1016,RR tracks
1017,junk yard/back door/truck/yard
1018,unattended delivery.
1019,gate restrictions
1020,secure loads.
1021,Driveway access limited
1022,parking available.
1023,pallets concrete pad
1024,"clarify ""PER FDC"""
1025,rear access; handle with care.
1026,Garage behind house
1027,foundation
1028,garage delivery.
1029,front porch
1030,confirm readiness
1031,Verify address
1032,Rear loading ramp
1033,multiple points.
1034,Contactless delivery
1035,Alley driveway
1036,AZTECA FOODS loading dock; confirm access
1037,avoid Latrobe St (low lines)
1038,Varying delivery location
1039,two-man team
1040,call 773-284-6600 ext 217 after 1 PM
1041,after 8:00 AM.
1042,address parking/access.
1043,after 8 AM
1044,maneuverability.
1045,confirm access.
1046,Home delivery
1047,Deliver inside
1048,Dock delivery
1049,confirm loading dock
1050,deliver alley
1051,verify pallet/items
1052,parking available
1053,forklift available
1054,dock 4 or 5
1055,Muddy
1056,Waterman Rd
1057,leave package
1058,2nd floor
1059,Gate delivery
1060,minimal interaction.
1061,8 AM-3 PM
1062,drop off open area
1063,confirm parking.
1064,verify threshold access.
1065,Aspen Crossing Apartments
1066,Front house
1067,east driveway
1068,Backyard or garage delivery
1069,inside
1070,heavy load (1300 lbs)
1071,offload method
1072,Rear dock #11
1073,ensure access.
1074,Backyard delivery
1075,Alley preferred
1076,Garage access okay
1077,Dock 14 (or 13)
1078,avoid grass.
1079,3 PM delivery
1080,driveway threshold
1081,7 AM-4 PM delivery
1082,avoid alleyway lumber.
1083,uneven terrain
1084,Honk
1085,Deliver back old building
1086,unattended delivery 9-5
1087,right side
1088,Large driveway access
1089,placement instructions.
1090,use customer forklift
1091,forklift
1092,Business hours
1093,otherwise side/overhead/receiving door
1094,Indoor delivery
1095,Remington fence
1096,clarify DPC
1097,Driveway or front lawn delivery.
1098,Grass near barn
1099,left of building
1100,south gate.
1101,Vacation Village Condos
1102,Storm door
1103,Ann Kiley Center
1104,Narrow street
1105,Deliver inside school
1106,Two pallets space available
1107,near back porch; assess access.
1108,Rear delivery
1109,Right driveway side
1110,access details
1111,clear access
1112,30-minute call; no unattended deliveries.
1113,secure packaging
1114,yard access; assess conditions.
1115,use neighbor's driveway
1116,HOA
1117,packages parking area 3354
1118,check parking/access.
1119,Back porch
1120,Forklift unload
1121,10520 SOUTH TALMAN STREET
1122,difficult access.
1123,walk
1124,multiple outbuildings
1125,Overhead garage/dock doors
1126,Access yard
1127,dog present
1128,Leave packages
1129,cover concrete if rain
1130,DHIP/REC signage
1131,call 15 minutes prior gate access.
1132,near garage; protect pickets; clear access.
1133,photo
1134,Backyard delivery preferred.
1135,dumpster
1136,Back door/dumpster
1137,NOBLESVILLE
1138,confirm number
1139,Evolution warehouse
1140,verify box count
1141,Signature
1142,Careful delivery
1143,East overhead door
1144,warehouse delivery
1145,large items
1146,plan large deliveries (15+ pallets).
1147,limited access
1148,back door
1149,secure parking.
1150,near building
1151,rearrange trailer
1152,banded separately
1153,construction access challenge.
1154,confirm drop-off point.
1155,house facing
1156,right side garage
1157,address confirmation needed
1158,walkway
1159,construction site
1160,inspect drywall damage
1161,Heavy delivery (36
1162,Alley access: width
1163,garage front/rear
1164,5:00 AM delivery
1165,secure package
1166,bundled
1167,Warehouse dock
1168,building access.
1169,accessibility
1170,inside delivery required.
1171,Taylor Street entrance
1172,Gate clear
1173,DH2 site
1174,130 2x6x10 lumber pieces (1200 lbs)
1175,driveway drop-off
1176,Front porch
1177,on-time delivery
1178,First Street rear
1179,secure banding
1180,Security check-in
1181,000 lbs)
1182,2
1183,use Evanston Township High School (Wildkit Drive) or Dodge Ave loading docks.
1184,confirm placement
1185,Building 6600 or yard
1186,Back gate or driveway
1187,Garage gate left
1188,vinyl railing kits).
1189,confirm with customer
1190,Alley access; construction impacts parking.
1191,Overhead door delivery
1192,Dock door
1193,Williams St access
1194,clear address
1195,parking lot
1196,forklifts; communicate clearly.
1197,beer garden wall
1198,inconsistent communication.
1199,No unattended packages
1200,multiple locations acceptable
1201,Monday-Friday
1202,curbside acceptable.  Clear access needed.
1203,Gate delivery before 8 AM
1204,Uneven
1205,access difficult.
1206,Skender
1207,Leave package
1208,front gate
1209,heavy
1210,warehouse
1211,barn entrance
1212,recipient
1213,construction.
1214,Yard area
1215,dock unload
1216,Gate code 0348
1217,Unloading delays
1218,confirm location
1219,basketball hoop
1220,5 AM delivery
1221,fasteners
1222,customer outside.
1223,address N602
1224,Building 301
1225,large fragile loads
1226,8 pallet spaces
1227,handle with care.
1228,Garage delivery required.
1229,Packages left basketball net
1230,Street parking
1231,"clarify ""BOOM"""
1232,Heavy flooring
1233,cautious loading dock
1234,warehouse; limited front parking.
1235,assess access: road
1236,trailer size
1237,brown shed.
1238,leave delivery.
1239,near garage door
1240,limited parking downtown
1241,address
1242,Front yard
1243,careful navigation.
1244,secure banding/wrapping.
1245,Back Contractor's Acoustical Supply
1246,Patio behind house
1247,muddy terrain; potential ice; confirm space
1248,confirm location with customer.
1249,Patriot Street. Avoid front door.
1250,not blocking.
1251,Behind Tony Finers Foods
1252,driveway; verify address
1253,near storage building
1254,clarify location.
1255,building door.
1256,expect delays
1257,on-site personnel
1258,garage access; clear access.
1259,Accessibility check
1260,contractor authorization.
1261,Smith Brothers Construction Yard
1262,8 AM - 3:30 PM or 8 AM - 4:30 PM
1263,West driveway side
1264,Dock/warehouse doors
1265,green roof
1266,6500 Martin Luther King Drive
1267,East side access
1268,Protect drywall
1269,special handling.
1270,complete delivery notes
1271,Deliver after 7:00 AM
1272,Blue tarp
1273,96 foam boards
1274,clarify access
1275,behind house
1276,allow extra time.
1277,Dock delivery ABT Electronics
1278,children playing
1279,"clarify ""OUT OF TIME ESMERALDA 1950"
1280,alternative access if needed
1281,Ample parking
1282,back okay
1283,narrow wooded driveway
1284,7 AM-4 PM
1285,or front garage; clear access.
1286,Deliver yard
1287,clarify FDC
1288,garage door
1289,rear door/alley
1290,Access details
1291,Driveway/garage placement
1292,avoid damage
1293,awkward items; limited alley access; unattended drop-off requires approval.
1294,dock.
1295,avoid 4 PM arrival
1296,alley access
1297,Loading dock preferred
1298,grass
1299,speed bumps.
1300,East driveway
1301,Unload east side UIC Student Rec Facility (behind building)
1302,check width.
1303,Garage door 3
1304,near WOODFIELD DOCK D--NEXT TO IMPROV COMEDY.  Parking/access needed.
1305,Handle OSB carefully
1306,Side door
1307,north yard gate
1308,inside.
1309,Accessible driveway
1310,secure lumber wrapping
1311,Rick Derue
1312,Leave delivery next to pavers; contact Gregg 262-210-7072.
1313,High priority
1314,Difficult delivery
1315,contact multiple people.
1316,near 1241 Rand Rd; Dairy Queen alternative.
1317,Loading dock
1318,large deliveries accepted.
1319,Secure packages
1320,Dock delivery 8 AM-3:30 PM
1321,Front lobby delivery
1322,North loading dock
1323,back B&B Self Storage
1324,confirm address.
1325,instructions.
1326,High pallet count
1327,Fulton Blvd
1328,delivery challenges
1329,Apartment complex
1330,back-house access
1331,plan route.
1332,check back access.
1333,Uneven terrain
1334,contractor on-site
1335,front.
1336,near planters. Avoid 8 AM-3 PM.
1337,Deliver back building
1338,Alley access preferred
1339,check access.
1340,obstructions
1341,Job site. Caution.
1342,two-car garage
1343,Accessibility issues
1344,parking
1345,receiving # 6-3 or 6-330
1346,Garage door
1347,rear delivery
1348,Assess yard
1349,address clarification.
1350,Clarify location with Carl
1351,Shop door
1352,leave package acceptable
1353,8 AM-4:30 PM delivery
1354,East-side warehouse
1355,dry goods
1356,check waiver.
1357,Alley off Clairmont
1358,205 Belle Plaine Avenue
1359,Deliver rear Residency
1360,ample space
1361,Accessibility
1362,Deliver side building
1363,vehicle access.
1364,Loading dock delivery
1365,meeting room
1366,difficult garage access
1367,Loading dock (rear
1368,Confirm access point
1369,garage; narrow road
1370,Father's Day delivery
1371,Muddy site
1372,Confirm drop-off location
1373,extra space decking boards
1374,front door
1375,three-point turn Barn Road
1376,confirm with Kyle
1377,parking limitations
1378,Backyard/side door
1379,worker interaction.
1380,back entrance.
1381,tractors/pallets accessible.
1382,double-pallet water.
1383,Gate code: PENG LIU
1384,330 N 400 E
1385,back
1386,assemble grill
1387,before 3 PM
1388,Allow 2 hours unloading
1389,Please provide the instructions to the delivery driver that you want me to condense.
1390,Unattended delivery
1391,avoid 12-12:30 PM
1392,Main entrance
1393,or deck; clear access.
1394,Check pallet damage
1395,Deliver front building
1396,bulky drywall
1397,roll-up door access
1398,Lawn
1399,East side warehouse
1400,assess parking/access
1401,Rear entrance
1402,Yard obstructions: trucks
1403,avoid driveway
1404,backyard; clear access.
1405,6:30 AM-3:00 PM
1406,garage
1407,Handle large items carefully.
1408,allow 40 minutes unloading
1409,Backyard alleyway
1410,Back door Suite 110
1411,Garage 33 or 34
1412,Derby Road
1413,tight parking
1414,handle bags carefully.
1415,Deliver 6 AM - 3 PM
1416,Porch
1417,no signature
1418,protect packaging
1419,Garage left side
1420,drop waiver.
1421,Drywall
1422,Customer unload
1423,ample space.
1424,side
1425,Handle packages carefully
1426,drive on grass if needed
1427,High refusal risk
1428,gated community
1429,confirm details.
1430,multiple deliveries
1431,8 pallets
1432,IL 60538
1433,Verify items
1434,4:30 PM delivery
1435,Large deliveries: 151 N Lower Beaubien; smaller: 151 N Michigan Ave.  Confirm order ready.
1436,verify street parking
1437,Deliver package inside building
1438,Confirm lot number
1439,inside hedge
1440,orange marker
1441,Garage delivery.
1442,before 5:00 AM
1443,restricted access
1444,foundation.
1445,road access
1446,Space D344
1447,use loading dock
1448,cul-de-sac.
1449,clarify warehouse/dock
1450,Joliet.  Drywall risk.
1451,before 2 PM
1452,secured gate.
1453,Curbside delivery acceptable.
1454,Delivery delay
1455,clarify LUI 1935
1456,restricted access.
1457,Green work/storage building
1458,Garage/overhead door
1459,Diego
1460,call 630-484-4911
1461,drive on grass
1462,text 8159930933
1463,7 AM-5 PM delivery
1464,Unattended delivery prohibited
1465,Sidewalk delivery
1466,Porta-pottie
1467,customer unload 40 minutes
1468,Greenwood curbside delivery
1469,contact Randy
1470,Home Depot #8918
1471,limited front access
1472,driveway top.
